{
  "evaluate_request": {
    "method": "POST",
    "url": "/v1/duplicate-evaluations/evaluate",
    "headers": {
      "Authorization": "Bearer <token>"
    },
    "body": {
      "id": "claim-uuid-123",
      "tenantId": "tenant-1",
      "employeeId": "emp-456",
      "amount": 120.50,
      "currency": "USD",
      "expenseDate": "2026-02-24T18:30:00Z",
      "merchantName": "Delta Airlines",
      "description": "Flight to NYC",
      "receiptHash": "a1b2c3d4e5f6g7h8i9j0",
      "attachmentFilename": "delta_receipt.pdf"
    }
  },
  "history_response": {
    "status": 200,
    "body": {
      "id": "eval-uuid-789",
      "tenantId": "tenant-1",
      "claimId": "claim-uuid-123",
      "riskScore": 100,
      "duplicateDetected": true,
      "triggeredRules": [
        {
          "rule": "EXACT_MATCH",
          "weight": 60,
          "matchedClaimId": "claim-uuid-000",
          "reason": "Same employee, amount, currency, and date"
        },
        {
          "rule": "SAME_RECEIPT_HASH",
          "weight": 80,
          "matchedClaimId": "claim-uuid-000",
          "reason": "Identical receipt file hash"
        }
      ],
      "evaluatedAt": "2026-02-25T10:00:00Z"
    }
  },
  "config_update_request": {
    "method": "PUT",
    "url": "/v1/risk-config",
    "headers": {
      "Authorization": "Bearer <token>"
    },
    "body": {
      "ruleName": "SAME_MERCHANT_7_DAYS",
      "weight": 50,
      "active": true
    }
  }
}
