{
  "$schema": "http://json-schema.org/draft-07/schema#",
  "title": "Approval Events Schema",
  "type": "object",
  "oneOf": [
    {
      "title": "ApprovalTaskCreated",
      "properties": {
        "eventType": { "const": "ApprovalTaskCreated:v1" },
        "tenantId": { "type": "string", "format": "uuid" },
        "payload": {
          "type": "object",
          "properties": {
            "taskId": { "type": "string", "format": "uuid" },
            "assigneeId": { "type": "string", "format": "uuid" },
            "entityId": { "type": "string", "format": "uuid" }
          },
          "required": ["taskId", "assigneeId", "entityId"]
        }
      }
    },
    {
      "title": "ApprovalInstanceCompleted",
      "properties": {
        "eventType": { "const": "ApprovalInstanceCompleted:v1" },
        "tenantId": { "type": "string", "format": "uuid" },
        "payload": {
          "type": "object",
          "properties": {
            "entityId": { "type": "string", "format": "uuid" },
            "entityType": { "type": "string" },
            "status": { "type": "string", "enum": ["APPROVED", "REJECTED", "CANCELLED"] }
          },
          "required": ["entityId", "entityType", "status"]
        }
      }
    }
  ]
}
