{
  "manual_booking_request": {
    "method": "POST",
    "url": "/v1/bookings/manual-booking",
    "headers": {
      "x-tenant-id": "tenant-uuid-123",
      "x-correlation-id": "corr-uuid-456"
    },
    "body": {
      "travelRequestId": "tr-uuid-789",
      "policyVersionId": "pol-uuid-000",
      "budget": 1000,
      "region": "EU",
      "tenantConfig": {
        "preferredProvider": "AMADEUS"
      }
    }
  },
  "cancel_booking_request": {
    "method": "POST",
    "url": "/v1/bookings/cancel/booking-uuid-123",
    "headers": {
      "x-tenant-id": "tenant-uuid-123",
      "x-user-id": "user-uuid-999",
      "x-correlation-id": "corr-uuid-456"
    }
  }
}
